INSERT INTO photos (photo_id, dimensions, color, copies, framing, gift_wrap)
VALUES ('c5040a89-cb47-4c96-888e-ff96708db6f3', '8x10', 'NO_COLOR', 2, 'WOODEN_WHITE', 0);

INSERT INTO photos (photo_id, dimensions, color, copies, framing, gift_wrap)
VALUES ('2d17cfeb-5d95-4d44-902d-f39e0b4e5099', '5x7', 'WITH_COLOR', 1, 'METALLIC', 1);

INSERT INTO photos (photo_id, dimensions, color, copies, framing, gift_wrap)
VALUES ('937a00bd-7a4d-4995-a434-8cb132620672', '11x14', 'NO_COLOR', 3, 'NON', 0);

INSERT INTO photos (photo_id, dimensions, color, copies, framing, gift_wrap)
VALUES ('a3fe4d7f-9e7a-4a7b-aa15-63b493ca2c86', '16x20', 'NO_COLOR', 1, 'WOODEN_BLACK', 1);

INSERT INTO photos (photo_id, dimensions, color, copies, framing, gift_wrap)
VALUES ('f4d00bc3-2b5d-4e8b-80d6-cd23ddc25a89', '8x12', 'WITH_COLOR', 2, 'METALLIC', 0);

INSERT INTO photos (photo_id, dimensions, color, copies, framing, gift_wrap)
VALUES ('b0911de8-14b4-4827-b85e-63200e19631d', '20x24', 'NO_COLOR', 3, 'METALLIC', 1);

INSERT INTO photos (photo_id, dimensions, color, copies, framing, gift_wrap)
VALUES ('5a5e34d2-41c5-46c1-9f81-97cfc66bce9e', '12x18', 'NO_COLOR', 2, 'WOODEN_BLACK', 1);

INSERT INTO photos (photo_id, dimensions, color, copies, framing, gift_wrap)
VALUES ('f1e93d23-5088-4348-bdd8-30653a63aa2e', '24x36', 'NO_COLOR', 1, 'WOODEN_WHITE', 0);

INSERT INTO photos (photo_id, dimensions, color, copies, framing, gift_wrap)
VALUES ('18af7a32-1c02-4c98-bd36-8b6956ad4d21', '8x10', 'WITH_COLOR', 3, 'METALLIC', 1);

INSERT INTO photos (photo_id, dimensions, color, copies, framing, gift_wrap)
VALUES ('7a6ff21c-fb25-4be4-b4e7-47e8c8c38f98', '20x30', 'WITH_COLOR', 4, 'NON', 0);

INSERT INTO photos (photo_id, dimensions, color, copies, framing, gift_wrap)
VALUES ('b6fde2dc-9a4e-49da-99a2-48bfb9f612d8', '20x30', 'WITH_COLOR', 4, 'METALLIC', 1);

INSERT INTO photos (photo_id, dimensions, color, copies, framing, gift_wrap)--
VALUES ('3e2d61e5-51f6-4d2d-99ad-70b810e33f38', '8x10', 'NO_COLOR', 2, 'NON', 1);

INSERT INTO photos (photo_id, dimensions, color, copies, framing, gift_wrap)
VALUES ('a8cbfa9b-7553-4f23-9d0a-15584f7bf4bc', '24x36', 'WITH_COLOR', 3, 'WOODEN_WHITE', 0);


------------------------------------------------------------------

INSERT INTO customers (customer_id, first_name, last_name, email, street_address, city, state, country, postal_code)
VALUES('7f5cf6c6-031b-4e5b-bb28-f83b0b7c57b0', 'John', 'Doe', 'johndoe@gmail.com', '123 Main St', 'Anytown', 'California', 'United States', '12345');

INSERT INTO customers (customer_id, first_name, last_name, email, street_address, city, state, country, postal_code)
VALUES('c796dc7e-67d9-4912-bd20-b543c1d9c5b7', 'Jane', 'Smith', 'janesmith@outlook.com', '456 Elm St', 'Othertown', 'New York', 'United States', '54321');

INSERT INTO customers (customer_id, first_name, last_name, email, street_address, city, state, country, postal_code)
VALUES('a8594b0f-7c8c-43e1-b6b8-2a03e2896184', 'Alice', 'Johnson', 'alicejohnson@gmail.com', '789 Oak St', 'Sometown', 'Texas', 'United States', '67890');

INSERT INTO customers (customer_id, first_name, last_name, email, street_address, city, state, country, postal_code)
VALUES('d2f649e2-0b6a-4c08-bd3a-ef5e25c66cfc', 'Mohammed', 'Abdullah', 'mabdullah@yahoo.com', '321 Pine St', 'Anothercity', 'Dubai', 'United Arab Emirates', '54321');

INSERT INTO customers (customer_id, first_name, last_name, email, street_address, city, state, country, postal_code)
VALUES('e45dfb9e-78d2-4218-8f91-0f4f722e4f91', 'Maria', 'Garcia', 'mariagarcia@gmail.com', '987 Cedar St', 'Somewhereville', 'Madrid', 'Spain', '87654');

INSERT INTO customers (customer_id, first_name, last_name, email, street_address, city, state, country, postal_code)
VALUES('9e3d5a2a-4526-41a2-97db-3651420e0b16', 'Hans', 'Mueller', 'hansmueller@outlook.com', '654 Birch St', 'Munich', 'Bavaria', 'Germany', '34567');

INSERT INTO customers (customer_id, first_name, last_name, email, street_address, city, state, country, postal_code)
VALUES('7f81a88f-39ed-4a57-a8ee-17607fe66cb3', 'Yuki', 'Tanaka', 'yukitanaka@outlook.com', '147 Willow St', 'Tokyo', 'Tokyo', 'Japan', '98765');

INSERT INTO customers (customer_id, first_name, last_name, email, street_address, city, state, country, postal_code)
VALUES('19a4d10a-3190-4a78-bd5a-fa5ad085ddbf', 'Sophie', 'Dupont', 'sophiedupont@gmail.com', '852 Oak St', 'Paris', 'Île-de-France', 'France', '23456');

INSERT INTO customers (customer_id, first_name, last_name, email, street_address, city, state, country, postal_code)
VALUES('7d76d1e8-5d15-4e02-b2b0-614b17c8b65c', 'Isabella ', 'Johnson', 'isabella.johnson@gmail.com', '789 Elm Street', 'Seattle', 'Washington ', 'United States', '98101');

INSERT INTO customers (customer_id, first_name, last_name, email, street_address, city, state, country, postal_code)
VALUES('894aa251-4bc3-45a1-8b88-4d06c918c32e', 'Lucas ', 'Patel', 'lucas.patel@gmail.com', '456 Pine Avenue
', 'Toronto', 'Ontario ', 'Canada', 'M5V 2H1');



INSERT INTO customer_phonenumbers(customer_id, type, number)
VALUES(1, 'PERSONEl', '310-555-4321');

INSERT INTO customer_phonenumbers(customer_id, type, number)
VALUES(2, 'HOME', '415-555-1234');

INSERT INTO customer_phonenumbers(customer_id, type, number)
VALUES(3, 'HOME', '512-555-9999');

INSERT INTO customer_phonenumbers(customer_id, type, number)
VALUES(4, 'WORK', '717-555-5555');

INSERT INTO customer_phonenumbers(customer_id, type, number)
VALUES(4, 'PERSONEl', '717-555-6666');

INSERT INTO customer_phonenumbers(customer_id, type, number)
VALUES(5, 'HOME', '212-555-1234');

INSERT INTO customer_phonenumbers(customer_id, type, number)
VALUES(5, 'PERSONEl', '212-555-5678');

INSERT INTO customer_phonenumbers(customer_id, type, number)
VALUES(6, 'WORK', '808-555-1234');

INSERT INTO customer_phonenumbers(customer_id, type, number)
VALUES(6, 'PERSONEl', '808-555-5678');

INSERT INTO customer_phonenumbers(customer_id, type, number)
VALUES(7, 'HOME', '213-555-1234');

INSERT INTO customer_phonenumbers(customer_id, type, number)
VALUES(7, 'WORK', '213-555-9876');

INSERT INTO customer_phonenumbers(customer_id, type, number)
VALUES(8, 'HOME', '310-555-1234');

INSERT INTO customer_phonenumbers(customer_id, type, number)
VALUES(9, 'WORK', '415-555-6789');

INSERT INTO customer_phonenumbers(customer_id, type, number)
VALUES(9, 'PERSONEl', '212-555-9876');

INSERT INTO customer_phonenumbers(customer_id, type, number)
VALUES(10, 'HOME', '310-555-2468');
-------------------------------------------


INSERT INTO deliveries (delivery_id, company, delivery_Instructions, date, time)
VALUES ('f6f72dfb-6837-4b77-ba4b-82745e504caa', 'DHL', 'Deliver to back entrance', '2024-03-10', '3:00 PM');

INSERT INTO deliveries (delivery_id, company, delivery_Instructions, date, time)
VALUES('g3e93a2d-5e43-4186-9ff7-3b6c3a7758d1', 'DHL', 'Leave package with neighbor', '2024-03-11', '9:30 AM');

INSERT INTO deliveries (delivery_id, company, delivery_Instructions, date, time)
VALUES('h26f1339-d8a5-4a8e-8a3c-67cfc8a4c114', 'UPS', 'Require signature upon delivery', '2024-03-12', '1:00 PM');

INSERT INTO deliveries (delivery_id, company, delivery_Instructions, date, time)
VALUES('c3540a89-cb47-4c96-888e-ff96708db4e5', 'FedEx', 'Deliver to back entrance', '2024-03-10', '3:00 PM');

INSERT INTO deliveries (delivery_id, company, delivery_Instructions, date, time)
VALUES('d892f7d1-aa1b-48c2-b9f2-ecfe38c1f533', 'FedEx', 'Leave package with neighbor', '2024-03-11', '9:30 AM');

INSERT INTO deliveries (delivery_id, company, delivery_Instructions, date, time)
VALUES('e1c8df82-5aef-4a49-9e5f-8f103f22c10a', 'Aramex', 'Require signature upon delivery', '2024-03-12', '1:00 PM');

INSERT INTO deliveries (delivery_id, company, delivery_Instructions, date, time)
VALUES('i7a9464c-1492-4d65-b7e2-e10c18ff9f8f', 'USPS', 'Deliver to side entrance', '2024-03-13', '4:15 PM');

INSERT INTO deliveries (delivery_id, company, delivery_Instructions, date, time)
VALUES('a2b81e9f-6a4e-49c6-89ef-15ac654928c1', 'FedEx', 'Leave package at front desk', '2024-03-14', '10:30 AM');

INSERT INTO deliveries (delivery_id, company, delivery_Instructions, date, time)
VALUES('e8cfd6ab-25bc-4f5d-b1e7-37f7e7c2de9a', 'UPS', 'Require signature upon delivery', '2024-03-15', '2:00 PM');

INSERT INTO deliveries (delivery_id, company, delivery_Instructions, date, time)
VALUES('fba214ef-0a7b-4f89-b298-8b7b1d6f56df', 'DHL', 'Call upon arrival', '2024-03-16', '12:45 PM');

--------------------------------------------

INSERT INTO purchases(purchase_id, customer_id, photo_id, delivery_id, type_of_payment, sub_Total, total, status)
VALUES ('1e24f3a2-5914-4ed7-87f1-96e88ef27b12', '7f5cf6c6-031b-4e5b-bb28-f83b0b7c57b0',
        'c5040a89-cb47-4c96-888e-ff96708db6f3', 'f6f72dfb-6837-4b77-ba4b-82745e504caa',
        'Credit_Visa', '30.45 $', '36.74 $', 'Accepted');

INSERT INTO purchases(purchase_id, customer_id, photo_id, delivery_id, type_of_payment, sub_Total, total, status)
VALUES ('2b31f7d8-2e78-496e-9884-b6c8b57f372a', '7f5cf6c6-031b-4e5b-bb28-f83b0b7c57b0',
        '2d17cfeb-5d95-4d44-902d-f39e0b4e5099', 'f6f72dfb-6837-4b77-ba4b-82745e504caa',
        'Credit_Visa', '16.35 $', '20.48 $', 'Accepted');

INSERT INTO purchases(purchase_id, customer_id, photo_id, delivery_id, type_of_payment, sub_Total, total, status)
VALUES ('3c49b25f-7c79-4b76-aaae-f9a0295cc476', 'c796dc7e-67d9-4912-bd20-b543c1d9c5b7',
        '937a00bd-7a4d-4995-a434-8cb132620672', 'g3e93a2d-5e43-4186-9ff7-3b6c3a7758d1',
        'Credit_Mastercard', '13.99 $', '18.78 $', 'Accepted');

INSERT INTO purchases(purchase_id, customer_id, photo_id, delivery_id, type_of_payment, sub_Total, total, status)
VALUES ('4f2cfd0c-ff41-46e1-9f0a-bd18e68c9f38', 'a8594b0f-7c8c-43e1-b6b8-2a03e2896184',
        'a3fe4d7f-9e7a-4a7b-aa15-63b493ca2c86', 'h26f1339-d8a5-4a8e-8a3c-67cfc8a4c114',
        'PayPal', '15.99 $', '21.67 $', 'Accepted');

INSERT INTO purchases(purchase_id, customer_id, photo_id, delivery_id, type_of_payment, sub_Total, total, status)
VALUES ('5a87e8f9-8d05-4d26-b0d3-ebac60e7a164', 'a8594b0f-7c8c-43e1-b6b8-2a03e2896184',
        'f4d00bc3-2b5d-4e8b-80d6-cd23ddc25a89', 'h26f1339-d8a5-4a8e-8a3c-67cfc8a4c114',
        'PayPal', '32.55 $', '38.89 $', 'Accepted');

INSERT INTO purchases(purchase_id, customer_id, photo_id, delivery_id, type_of_payment, sub_Total, total, status)
VALUES ('6e61b9f3-b915-4af0-88e0-d7c460bb5070', 'd2f649e2-0b6a-4c08-bd3a-ef5e25c66cfc',
        'b0911de8-14b4-4827-b85e-63200e19631d', 'c3540a89-cb47-4c96-888e-ff96708db4e5',
        'Credit_Visa', '45.00 $', '45.00 $', 'Accepted');

INSERT INTO purchases(purchase_id, customer_id, photo_id, delivery_id, type_of_payment, sub_Total, total, status)
VALUES ('7a78760b-0d75-4c15-b0e8-d228b6899342', 'e45dfb9e-78d2-4218-8f91-0f4f722e4f91',
        '5a5e34d2-41c5-46c1-9f81-97cfc66bce9e', 'd892f7d1-aa1b-48c2-b9f2-ecfe38c1f533',
        'Credit_Mastercard', '20.50 $', '25.69 $', 'Accepted');


INSERT INTO purchases(purchase_id, customer_id, photo_id, delivery_id, type_of_payment, sub_Total, total, status)
VALUES ('8b95e2c1-c9a4-4c5f-a016-1b4f1bcf524b', '9e3d5a2a-4526-41a2-97db-3651420e0b16',
        'f1e93d23-5088-4348-bdd8-30653a63aa2e', 'e1c8df82-5aef-4a49-9e5f-8f103f22c10a',
        'Credit_Mastercard', '35.75 $', '42.29 $', 'Accepted');

INSERT INTO purchases(purchase_id, customer_id, photo_id, delivery_id, type_of_payment, sub_Total, total, status)
VALUES ('9b687012-081d-4d5b-8592-5aee0b028bdc', '9e3d5a2a-4526-41a2-97db-3651420e0b16',
        '18af7a32-1c02-4c98-bd36-8b6956ad4d21', 'e1c8df82-5aef-4a49-9e5f-8f103f22c10a',
        'Paypal', '60.00 $', '67.48 $', 'Accepted');

INSERT INTO purchases(purchase_id, customer_id, photo_id, delivery_id, type_of_payment, sub_Total, total, status)
VALUES ('fdac5b22-ee79-438d-8b84-9c49866ac7e4', '7f81a88f-39ed-4a57-a8ee-17607fe66cb3',
        '7a6ff21c-fb25-4be4-b4e7-47e8c8c38f98', 'i7a9464c-1492-4d65-b7e2-e10c18ff9f8f',
        'Paypal', '45.25 $', '51.60 $', 'Accepted');

INSERT INTO purchases(purchase_id, customer_id, photo_id, delivery_id, type_of_payment, sub_Total, total, status)
VALUES ('9b98e1a5-5128-4a6d-8e80-d29a1230f499', '19a4d10a-3190-4a78-bd5a-fa5ad085ddbf',
        'b6fde2dc-9a4e-49da-99a2-48bfb9f612d8', 'a2b81e9f-6a4e-49c6-89ef-15ac654928c1',
        'Paypal', '100.00 $', '115.25 $', 'Accepted');

INSERT INTO purchases(purchase_id, customer_id, photo_id, delivery_id, type_of_payment, sub_Total, total, status)
VALUES ('71f04c94-86d2-42db-9076-eb92086e11ee', '7d76d1e8-5d15-4e02-b2b0-614b17c8b65c',
        '3e2d61e5-51f6-4d2d-99ad-70b810e33f38', 'e8cfd6ab-25bc-4f5d-b1e7-37f7e7c2de9a',
        'Paypal', '17.00 $', '22.35 $', 'Accepted');

INSERT INTO purchases(purchase_id, customer_id, photo_id, delivery_id, type_of_payment, sub_Total, total, status)
VALUES ('0720a05f-f01d-4b73-9db9-28b7b5a48d44', '894aa251-4bc3-45a1-8b88-4d06c918c32e',
        'a8cbfa9b-7553-4f23-9d0a-15584f7bf4bc', 'fba214ef-0a7b-4f89-b298-8b7b1d6f56df',
        'Paypal', '55.00 $', '61.66 $', 'Accepted');
